Question,Answer
What features does Product X have?,"Product X comes with a range of features, including high durability, energy efficiency, and a user-friendly interface. For a complete list of specifications, please visit our product page."
How do I know if Product Y is right for me?,"To determine if Product Y is suitable for your needs, consider factors such as your specific requirements, budget, and usage scenarios. You can also check our comparison chart to see how it stacks up against similar products."
What are your hours?,We are open from 9 AM to 5 PM.
How can I contact support?,You can reach us at support@example.com.
What payment methods do you accept?,We accept credit cards and PayPal.
Where are you located?,"We are located at 123 Main St, Anytown, USA."
How do I create an account?,"To create an account, click on the 'Sign Up' button on our homepage, fill in the required details, and follow the prompts to complete the registration process."
I forgot my password. What should I do?,"If you've forgotten your password, click on the 'Forgot Password' link at the login page. You'll receive an email with instructions to reset your password."
How can I track my order?,You can track your order by logging into your account and navigating to the 'Order History' section. You'll find tracking information for your recent purchases there.
Can I modify my order after placing it?,"If you need to modify your order, please contact our customer support within 30 minutes of placing it. After that period, we may not be able to make changes."
What is your return policy?,"We offer a 30-day return policy for all products. If you are not satisfied with your purchase, you can return it within 30 days for a full refund. Please ensure that the product is in its original condition."
How long does it take to receive a refund?,"Once we receive your returned item, please allow 5-7 business days for the refund to be processed and reflected in your original payment method."
How can I contact customer support?,"You can reach our customer support team via email at support@example.com or by calling us at (123) 456-7890. Our support hours are Monday to Friday, 9 AM to 5 PM."
What should I do if I encounter a technical issue?,"If you're experiencing a technical issue, please try restarting your device and checking your internet connection. If the problem persists, contact our customer support for further assistance."